{
  "info": {
    "_postman_id": "YOUR_COLLECTION_ID",
    "name": "My-App API Collection",
    "schema": "https://schema.getpostman.com/json/collection/v2.1.0/collection.json"
  },
  "item": [
    {
      "name": "Authentication",
      "item": [
        {
          "name": "Login",
          "request": {
            "method": "POST",
            "header": [
              {
                "key": "Content-Type",
                "value": "application/json"
              }
            ],
            "body": {
              "mode": "raw",
              "raw": "{\n  \"email\": \"test@example.com\",\n  \"password\": \"password123\"\n}"
            },
            "url": {
              "raw": "{{baseURL}}/api/auth/login",
              "host": ["{{baseURL}}"],
              "path": ["api", "auth", "login"]
            },
            "description": "User login"
          },
          "response": []
        },
        {
          "name": "Register",
          "request": {
            "method": "POST",
            "header": [
              {
                "key": "Content-Type",
                "value": "application/json"
              }
            ],
            "body": {
              "mode": "raw",
              "raw": "{\n  \"name\": \"Test User\",\n  \"email\": \"test@example.com\",\n  \"password\": \"password123\"\n}"
            },
            "url": {
              "raw": "{{baseURL}}/api/auth/register",
              "host": ["{{baseURL}}"],
              "path": ["api", "auth", "register"]
            },
            "description": "User registration"
          },
          "response": []
        }
      ]
    },
    {
      "name": "Brands",
      "item": [
        {
          "name": "Get All Brands",
          "request": {
            "method": "GET",
            "header": [],
            "url": {
              "raw": "{{baseURL}}/api/brands",
              "host": ["{{baseURL}}"],
              "path": ["api", "brands"]
            },
            "description": "Get all brands"
          },
          "response": []
        },
        {
          "name": "Get Brand by ID",
          "request": {
            "method": "GET",
            "header": [],
            "url": {
              "raw": "{{baseURL}}/api/brands/:id",
              "host": ["{{baseURL}}"],
              "path": ["api", "brands", ":id"],
              "variable": [
                {
                  "key": "id",
                  "value": "1",
                  "description": "Brand ID"
                }
              ]
            },
            "description": "Get brand by ID"
          },
          "response": []
        },
        {
          "name": "Create Brand",
          "request": {
            "method": "POST",
            "header": [
              {
                "key": "Content-Type",
                "value": "application/json"
              },
              {
                "key": "Authorization",
                "value": "Bearer {{authToken}}"
              }
            ],
            "body": {
              "mode": "raw",
              "raw": "{\n  \"name\": \"New Brand Name\"\n}"
            },
            "url": {
              "raw": "{{baseURL}}/api/brands",
              "host": ["{{baseURL}}"],
              "path": ["api", "brands"]
            },
            "description": "Create a new brand"
          },
          "response": []
        },
        {
          "name": "Update Brand",
          "request": {
            "method": "PUT",
            "header": [
              {
                "key": "Content-Type",
                "value": "application/json"
              },
              {
                "key": "Authorization",
                "value": "Bearer {{authToken}}"
              }
            ],
            "body": {
              "mode": "raw",
              "raw": "{\n  \"name\": \"Updated Brand Name\"\n}"
            },
            "url": {
              "raw": "{{baseURL}}/api/brands/:id",
              "host": ["{{baseURL}}"],
              "path": ["api", "brands", ":id"],
              "variable": [
                {
                  "key": "id",
                  "value": "1",
                  "description": "Brand ID"
                }
              ]
            },
            "description": "Update a brand by ID"
          },
          "response": []
        },
        {
          "name": "Delete Brand",
          "request": {
            "method": "DELETE",
            "header": [
              {
                "key": "Authorization",
                "value": "Bearer {{authToken}}"
              }
            ],
            "url": {
              "raw": "{{baseURL}}/api/brands/:id",
              "host": ["{{baseURL}}"],
              "path": ["api", "brands", ":id"],
              "variable": [
                {
                  "key": "id",
                  "value": "1",
                  "description": "Brand ID"
                }
              ]
            },
            "description": "Delete a brand by ID"
          },
          "response": []
        }
      ]
    },
    {
      "name": "Categories",
      "item": [
        {
          "name": "Get All Categories",
          "request": {
            "method": "GET",
            "header": [],
            "url": {
              "raw": "{{baseURL}}/api/categories",
              "host": ["{{baseURL}}"],
              "path": ["api", "categories"]
            },
            "description": "Get all categories"
          },
          "response": []
        },
        {
          "name": "Get Category by ID",
          "request": {
            "method": "GET",
            "header": [],
            "url": {
              "raw": "{{baseURL}}/api/categories/:id",
              "host": ["{{baseURL}}"],
              "path": ["api", "categories", ":id"],
              "variable": [
                {
                  "key": "id",
                  "value": "1",
                  "description": "Category ID"
                }
              ]
            },
            "description": "Get category by ID"
          },
          "response": []
        },
        {
          "name": "Create Category",
          "request": {
            "method": "POST",
            "header": [
              {
                "key": "Content-Type",
                "value": "application/json"
              },
              {
                "key": "Authorization",
                "value": "Bearer {{authToken}}"
              }
            ],
            "body": {
              "mode": "raw",
              "raw": "{\n  \"name\": \"New Category Name\"\n}"
            },
            "url": {
              "raw": "{{baseURL}}/api/categories",
              "host": ["{{baseURL}}"],
              "path": ["api", "categories"]
            },
            "description": "Create a new category"
          },
          "response": []
        },
        {
          "name": "Update Category",
          "request": {
            "method": "PUT",
            "header": [
              {
                "key": "Content-Type",
                "value": "application/json"
              },
              {
                "key": "Authorization",
                "value": "Bearer {{authToken}}"
              }
            ],
            "body": {
              "mode": "raw",
              "raw": "{\n  \"name\": \"Updated Category Name\"\n}"
            },
            "url": {
              "raw": "{{baseURL}}/api/categories/:id",
              "host": ["{{baseURL}}"],
              "path": ["api", "categories", ":id"],
              "variable": [
                {
                  "key": "id",
                  "value": "1",
                  "description": "Category ID"
                }
              ]
            },
            "description": "Update a category by ID"
          },
          "response": []
        },
        {
          "name": "Delete Category",
          "request": {
            "method": "DELETE",
            "header": [
              {
                "key": "Authorization",
                "value": "Bearer {{authToken}}"
              }
            ],
            "url": {
              "raw": "{{baseURL}}/api/categories/:id",
              "host": ["{{baseURL}}"],
              "path": ["api", "categories", ":id"],
              "variable": [
                {
                  "key": "id",
                  "value": "1",
                  "description": "Category ID"
                }
              ]
            },
            "description": "Delete a category by ID"
          },
          "response": []
        }
      ]
    },
    {
      "name": "Products",
      "item": [
        {
          "name": "Get All Products",
          "request": {
            "method": "GET",
            "header": [],
            "url": {
              "raw": "{{baseURL}}/api/products?page=1&limit=10&categoryIds=1,2&brandIds=3",
              "host": ["{{baseURL}}"],
              "path": ["api", "products"],
              "query": [
                {
                  "key": "page",
                  "value": "1",
                  "description": "Page number for pagination"
                },
                {
                  "key": "limit",
                  "value": "10",
                  "description": "Number of items per page"
                },
                {
                  "key": "categoryIds",
                  "value": "1,2",
                  "description": "Comma-separated list of category IDs to filter by",
                  "disabled": true
                },
                {
                  "key": "brandIds",
                  "value": "3",
                  "description": "Comma-separated list of brand IDs to filter by",
                  "disabled": true
                }
              ]
            },
            "description": "Get all products (with pagination, filtering by category/brand)"
          },
          "response": []
        },
        {
          "name": "Get Product by ID",
          "request": {
            "method": "GET",
            "header": [],
            "url": {
              "raw": "{{baseURL}}/api/products/:id",
              "host": ["{{baseURL}}"],
              "path": ["api", "products", ":id"],
              "variable": [
                {
                  "key": "id",
                  "value": "1",
                  "description": "Product ID"
                }
              ]
            },
            "description": "Get product by ID"
          },
          "response": []
        },
        {
          "name": "Create Product",
          "request": {
            "method": "POST",
            "header": [
              {
                "key": "Content-Type",
                "value": "application/json"
              },
              {
                "key": "Authorization",
                "value": "Bearer {{authToken}}"
              }
            ],
            "body": {
              "mode": "raw",
              "raw": "{\n  \"name\": \"New Product\",\n  \"shortName\": \"NP\",\n  \"description\": \"This is a new product description.\",\n  \"categoryId\": 1,\n  \"brandId\": 1,\n  \"images\": [\n    {\n      \"url\": \"https://example.com/image1.jpg\",\n      \"isMain\": true\n    },\n    {\n      \"url\": \"https://example.com/image2.jpg\",\n      \"isMain\": false\n    }\n  ],\n  \"sizes\": [\"20 x 1/2'\", \"25 x 1/2'\"],\n  \"voltages\": [\"10W\", \"20W\"],\n  \"colors\": [\"D/L - W/W\", \"D/L - BLUE\"]\n}"
            },
            "url": {
              "raw": "{{baseURL}}/api/products",
              "host": ["{{baseURL}}"],
              "path": ["api", "products"]
            },
            "description": "Create a new product"
          },
          "response": []
        },
        {
          "name": "Update Product",
          "request": {
            "method": "PUT",
            "header": [
              {
                "key": "Content-Type",
                "value": "application/json"
              },
              {
                "key": "Authorization",
                "value": "Bearer {{authToken}}"
              }
            ],
            "body": {
              "mode": "raw",
              "raw": "{\n  \"name\": \"Updated Product Name\",\n  \"description\": \"Updated description.\",\n  \"images\": [\n    {\n      \"url\": \"https://example.com/updated_image.jpg\",\n      \"isMain\": true\n    }\n  ]\n}"
            },
            "url": {
              "raw": "{{baseURL}}/api/products/:id",
              "host": ["{{baseURL}}"],
              "path": ["api", "products", ":id"],
              "variable": [
                {
                  "key": "id",
                  "value": "1",
                  "description": "Product ID"
                }
              ]
            },
            "description": "Update a product by ID"
          },
          "response": []
        },
        {
          "name": "Delete Product",
          "request": {
            "method": "DELETE",
            "header": [
              {
                "key": "Authorization",
                "value": "Bearer {{authToken}}"
              }
            ],
            "url": {
              "raw": "{{baseURL}}/api/products/:id",
              "host": ["{{baseURL}}"],
              "path": ["api", "products", ":id"],
              "variable": [
                {
                  "key": "id",
                  "value": "1",
                  "description": "Product ID"
                }
              ]
            },
            "description": "Delete a product by ID"
          },
          "response": []
        }
      ]
    },
    {
      "name": "Contact",
      "item": [
        {
          "name": "Send Contact Email",
          "request": {
            "method": "POST",
            "header": [
              {
                "key": "Content-Type",
                "value": "application/json"
              }
            ],
            "body": {
              "mode": "raw",
              "raw": "{\n  \"name\": \"John Doe\",\n  \"email\": \"john.doe@example.com\",\n  \"phoneNo\": \"123-456-7890\",\n  \"message\": \"I have a question about your products.\"\n}"
            },
            "url": {
              "raw": "{{baseURL}}/api/contact",
              "host": ["{{baseURL}}"],
              "path": ["api", "contact"]
            },
            "description": "Send contact form email"
          },
          "response": []
        }
      ]
    },
    {
      "name": "Upload",
      "item": [
        {
          "name": "Upload Images",
          "request": {
            "method": "POST",
            "header": [
              {
                "key": "Authorization",
                "value": "Bearer {{authToken}}"
              }
            ],
            "body": {
              "mode": "formdata",
              "formdata": [
                {
                  "key": "file",
                  "type": "file",
                  "src": "/path/to/your/image.jpg",
                  "description": "Select an image file to upload"
                }
              ]
            },
            "url": {
              "raw": "{{baseURL}}/api/upload",
              "host": ["{{baseURL}}"],
              "path": ["api", "upload"]
            },
            "description": "Upload images (use form-data with 'file' key)"
          },
          "response": []
        }
      ]
    }
  ],
  "variable": [
    {
      "key": "baseURL",
      "value": "http://localhost:3000",
      "type": "string",
      "description": "Base URL for the API (e.g., http://localhost:3000 or your deployed URL)"
    },
    {
      "key": "authToken",
      "value": "",
      "type": "string",
      "description": "JWT for authenticated requests"
    }
  ]
}
